id;nome;sobrenome;email;numero_telefone;matricula_data;maticula
1;proper rot pish;unless tired;Andre.Coelho26@portugalmail.pt;ah plastic briefly;2025-01-24T22:30:20;perfectly shrill
2;to perky positively;however upbeat;Catarina_Gomes0@aeiou.pt;fooey toward doodle;2025-01-24T23:02:31;geez across unselfish
3;though form abaft;injunction paltry impolite;Juliana_Guerreiro41@yahoo.com;across pfft;2025-01-25T03:32:27;inasmuch
4;afore fatherly gigantic;yuck;Cristiano55@sapo.pt;extract;2025-01-24T20:20:17;squeaky up phew
5;sans comestible spotless;whereas blue blah;Ivan.Neto20@aeiou.pt;eyeglasses inside;2025-01-24T16:16:17;deeply ultimately up
6;anenst;heavy afore;Nuno.Soares89@gmail.com;courteous;2025-01-24T10:32:52;like carp
7;psst oof throughout;midwife up the;Moises_Vicente@mail.pt;after as folklore;2025-01-24T09:00:02;whereas down
8;ah;if;Samuel_Medeiros18@mail.pt;crossly ugh until;2025-01-24T12:03:37;brr
9;lazy;toward yahoo graduate;Alexandre.Fernandes4@live.com;remand while;2025-01-24T22:44:34;minus less oof
10;monthly gah;ignorance roughly gust;Sebastiao49@hotmail.com;bobble publicity within;2025-01-24T09:08:36;present
