id;nome;sobrenome;email;numero_telefone;ingresso;materia_lecionada;registro_profissional
1;submissive pressure spellcheck;log astride;Safira.Pacheco58@live.com;pearl;2025-01-24T20:25:26;netsuke;presell reassuringly bowed
2;information beneath happily;vastly arid;Gaspar.Vaz@gmail.com;meanwhile;2025-01-24T18:14:26;hamburger blah;ravage
3;unlike athwart;sunbeam uh-huh however;Carlos66@sapo.pt;but which;2025-01-24T21:22:10;approach;cricket
4;misreport libel eyeliner;cinder through table;Fabiana_Paiva63@yahoo.com;scrutinise;2025-01-25T01:32:11;perspire;huzzah mozzarella incidentally
5;huzzah absent;ew furthermore;Henrique16@hotmail.com;yum;2025-01-25T03:34:23;yowza cop-out ack;mousse psst
6;damaged;usually;Manuel_Silva@hotmail.com;unexpectedly tricky;2025-01-24T18:49:27;determined oof;whose representation
7;wiggly excluding;whoever than fellow;Jessica_Loureiro@aeiou.pt;hunger sure-footed;2025-01-24T20:51:16;extricate;goat
8;why hastily like;pitiful muffled straw;Fabio41@sapo.pt;inure sharply;2025-01-25T03:58:13;irritably;inventory
9;foot ew;part;Luena25@mail.pt;geez design excluding;2025-01-24T16:42:39;regarding;stabilise vastly gown
10;beneath bicycle below;afore;Nicole30@outlook.com;of basic;2025-01-24T14:59:55;astride proofread;confound aftermath incidentally
