id;start_date;end_date;nome_do_servico;resumo
1;2025-01-24T17:43:12;2025-01-24T14:02:26;showy times;../fake-data/blob/hipster.txt
2;2025-01-24T19:33:24;2025-01-25T02:33:28;skyline yuck;../fake-data/blob/hipster.txt
3;2025-01-25T05:12:24;2025-01-24T22:04:30;likewise absentmindedly aha;../fake-data/blob/hipster.txt
4;2025-01-24T06:41:35;2025-01-25T02:21:01;easily;../fake-data/blob/hipster.txt
5;2025-01-24T08:00:48;2025-01-25T04:21:21;gee chiffonier;../fake-data/blob/hipster.txt
6;2025-01-24T14:32:19;2025-01-24T09:48:14;jittery hm bestride;../fake-data/blob/hipster.txt
7;2025-01-25T00:32:11;2025-01-24T23:01:20;forager;../fake-data/blob/hipster.txt
8;2025-01-24T12:05:20;2025-01-25T04:55:34;slowly;../fake-data/blob/hipster.txt
9;2025-01-24T17:59:29;2025-01-24T15:42:54;except apropos aircraft;../fake-data/blob/hipster.txt
10;2025-01-24T23:18:59;2025-01-24T16:52:20;alert ah whenever;../fake-data/blob/hipster.txt
